r_wire_um,E_peek_MVpm,V_onset_kV,k_geo_ApV2,I_ion_mA,power_W,thrust_N_UPPER_BOUND,thrust_gf_UPPER_BOUND,efficiency_N_per_kW_UPPER_BOUND,corona_onset_margin,mean_gap_breakdown_margin,droop_V,droop_pct,ripple_Vpp
25.0,17.7568,2.740667127244148,2.7668749999999996e-12,1.1723396661307395,25.791472654876266,0.09378717329045916,9.560364249791963,3.6363636363636367,8.027242630564148,1.6363636363636365,445.489073129681,2.024950332407641,70.34037996784437
25.625000000000004,17.569347502096452,2.768411234525643,2.7668749999999996e-12,1.170650847640381,25.75431864808838,0.09365206781123048,9.546592029687103,3.6363636363636367,7.94679624386426,1.6363636363636365,444.84732210334477,2.0220332822879308,70.23905085842286
26.25,17.38863023442015,2.795763851562499,2.7668749999999996e-12,1.1689858596505762,25.717688912312678,0.0935188687720461,9.533014145978196,3.6363636363636362,7.869048019812053,1.6363636363636365,444.21462666721897,2.0191573939419043,70.13915157903457
26.875000000000004,17.214254291465906,2.822739775008308,2.7668749999999996e-12,1.1673438014705255,25.681563632351562,0.09338750411764206,9.519623253582267,3.6363636363636367,7.793846317248725,1.6363636363636365,443.5906445587997,2.0163211116309077,70.04062808823153
27.5,17.045857283387065,2.8493529103234856,2.7668749999999996e-12,1.1657238266574714,25.64592418646437,0.09325790613259773,9.506412449806087,3.6363636363636367,7.721051302663085,1.6363636363636365,442.9750541298391,2.0135229733174507,69.94342959944828
28.125000000000004,16.883105166440863,2.875616344391575,2.7668749999999996e-12,1.1641251385964542,25.610753049121993,0.09313001108771635,9.493375238299322,3.6363636363636367,7.650533786576726,1.6363636363636365,442.36755266665256,2.0107616030302387,69.84750831578725
28.75,16.725689454525625,2.9015424107455363,2.7668749999999996e-12,1.1625469865299056,25.576033703657927,0.09300375892239247,9.480505496676093,3.6363636363636367,7.5821741976010655,1.6363636363636365,441.76785488136414,2.0080357040062005,69.75281919179434
29.375000000000004,16.57332475881567,2.9271427482994663,2.7668749999999996e-12,1.1609886619825762,25.541750563616674,0.0928790929586061,9.467797447360457,3.6363636363636367,7.515861675273943,1.6363636363636365,441.1756915533789,2.0053440525153587,69.65931971895456
30.0,16.425746610824866,2.9524283543560887,2.7668749999999996e-12,1.159449495534902,25.507888901767842,0.09275595964279215,9.45524563127341,3.6363636363636362,7.451493265718247,1.6363636363636365,440.59080830326263,2.0026854922875574,69.56696973209411
30.625,16.28270953110294,2.9774096325548745,2.7668749999999996e-12,1.157928853904344,25.474434785895568,0.09263430831234754,9.442844884031349,3.6363636363636367,7.388973206593041,1.6363636363636365,440.0129644836507,2.0000589294711397,69.47573123426064
31.25,16.143985311467514,3.0020964363365565,2.7668749999999996e-12,1.1564261372996483,25.441375020592265,0.09251409098397188,9.430590314370221,3.6363636363636367,7.328212289824537,1.6363636363636365,439.44193217386635,1.997463328063029,69.3855682379789
31.875000000000004,16.009361483418928,3.0264981084241067,2.7668749999999996e-12,1.1549407770175888,25.408697094386955,0.09239526216140713,9.418477284547107,3.636363636363637,7.269127292286784,1.6363636363636365,438.87749526668375,1.9948977057576534,69.29644662105532
32.50000000000001,15.87863994934962,3.0506235167558025,2.7668749999999996e-12,1.1534722332556782,25.376389131624922,0.09227777866045428,9.406501392502985,3.636363636363637,7.211640466010695,1.6363636363636365,438.3194486371577,1.9923611301688984,69.2083339953407
33.12500000000001,15.751635756485715,3.074481087250995,2.7668749999999996e-12,1.1520199931176727,25.3444398485888,0.09216159944941384,9.39465845559774,3.636363636363637,7.155679080683823,1.6363636363636365,437.7675973847156,1.989852715385071,69.12119958706036
33.75,15.628175996298104,3.0980788337419147,2.7668749999999996e-12,1.1505835687915873,25.31283851341492,0.092046685503327,9.382944495751987,3.6363636363636367,7.101175012202,1.6363636363636365,437.22175614080317,1.9873716188218327,69.03501412749523
34.375,15.508098814485555,3.121424385364353,2.7668749999999996e-12,1.14916249588239,25.28157490941258,0.09193299967059121,9.371355725850275,3.6363636363636367,7.048064371878743,1.6363636363636365,436.68174843530824,1.9849170383423103,68.9497497529434
35.00000000000001,15.391252518636602,3.144525011664988,2.7668749999999996e-12,1.1477563318836876,25.25063930144113,0.09182050655069503,9.35988853727778,3.6363636363636367,6.996287171635906,1.6363636363636365,436.1474061158013,1.9824882096172787,68.86537991302126
35.625,15.277494772381147,3.167387645652892,2.7668749999999996e-12,1.1463646547745514,25.22002240504013,0.09170917238196412,9.348539488477483,3.6363636363636367,6.945787021109994,1.6363636363636365,435.61856881432954,1.980084403701498,68.78187928647309
36.25,15.166691866296146,3.1900189049965086,2.7668749999999996e-12,1.1449870617292313,25.189715358043085,0.0915989649383385,9.337305294427981,3.6363636363636367,6.896510853130533,1.6363636363636365,435.0950834571079,1.977704924805036,68.69922370375387
36.875,15.05871805707251,3.212425111544548,2.7668749999999996e-12,1.143623167928894,25.159709694435666,0.09148985343431153,9.326182816953263,3.6363636363636367,6.848408674474066,1.6363636363636365,434.5768038129797,1.9753491082408168,68.61739007573364
37.5,14.953454967516684,3.234612309329369,2.7668749999999996e-12,1.1422726054657346,25.12999732024616,0.09138180843725877,9.315169055785807,3.6363636363636362,6.801433339181613,1.6363636363636365,434.06359007697915,1.9730163185317235,68.53635632794408
38.12500000000001,14.850791040877263,3.2565862811940454,2.7668749999999996e-12,1.1409350223308667,25.10057049127907,0.09127480178646935,9.304261140312878,3.6363636363636367,6.755540342058303,1.6363636363636365,433.55530848572937,1.9707059476624063,68.45610133985201
38.75,14.750621043777693,3.2783525641690483,2.7668749999999996e-12,1.1396100814783245,25.071421792523143,0.09116880651826598,9.293456321943523,3.6363636363636362,6.710687630259882,1.6363636363636365,433.0518309617633,1.9684174134625605,68.37660488869948
39.375,14.652845612719776,3.2999164637111744,2.7668749999999996e-12,1.138297459958321,25.042544119083065,0.09106379679666571,9.282751967040337,3.636363636363637,6.66683543111822,1.6363636363636365,432.55303478416204,1.9661501581098275,68.29784759749927
40.0,14.557370839715075,3.321283066905523,2.7668749999999996e-12,1.1369968481136272,25.0139306584998,0.09095974784909018,9.27214555036597,3.6363636363636362,6.623946094572918,1.6363636363636365,432.05880228317835,1.9639036467417197,68.21981088681764
40.625,14.464107893116038,3.3424572547210194,2.7668749999999996e-12,1.135707948833563,24.985574874338386,0.09085663590668505,9.261634648999495,3.6363636363636367,6.581983948762942,1.6363636363636365,431.56902055675397,1.9616773661670635,68.14247693001379
41.25,14.372972670166753,3.3634437134007897,2.7668749999999996e-12,1.1344304768606521,24.957470490934348,0.09075443814885219,9.25121693668218,3.6363636363636367,6.540915167495317,1.6363636363636365,431.0835812070478,1.959470823668399,68.06582861163913
41.875,14.283885478184272,3.3842469450605757,2.7668749999999996e-12,1.1331641581454814,24.92961147920059,0.09065313265163852,9.240890178556423,3.6363636363636362,6.500707648450345,1.6363636363636365,430.60238009528297,1.9572835458876499,67.98984948872888
42.5,14.196770741623508,3.404871277561238,2.7668749999999996e-12,1.1319087292457504,24.90199204340651,0.09055269833966004,9.230652226265038,3.6363636363636367,6.4613309011075595,1.6363636363636365,430.12531711338517,1.9551150777881146,67.91452375474502
43.12500000000001,14.111556732578336,3.4253208737149436,2.7668749999999996e-12,1.130663936765879,24.87460660884934,0.09045311494127034,9.220501013381277,3.6363636363636367,6.422755943486201,1.6363636363636365,429.65229597103405,1.9529649816865182,67.83983620595275
43.75000000000001,14.028175322534725,3.445599739878994,2.7668749999999996e-12,1.1294295368338907,24.847449810345594,0.09035436294671126,9.21043455114284,3.6363636363636367,6.384955206890228,1.6363636363636365,429.18322399687844,1.9508328363494476,67.76577221003345
44.375,13.946561753423316,3.4657117339861605,2.7668749999999996e-12,1.1282052946125947,24.820516481477082,0.09025642356900758,9.200450924465605,3.6363636363636367,6.347902447932748,1.6363636363636365,428.71801195278596,1.948718236149027,67.69231767675568
45.0,13.866654426222928,3.4856605730558523,2.7668749999999996e-12,1.126990983842374,24.793801644532227,0.09015927870738992,9.190548288215078,3.6363636363636362,6.311572667189671,1.6363636363636365,428.2565738601021,1.9466207902731913,67.61945903054243
45.62500000000001,13.788394705546773,3.5054498402264116,2.7668749999999996e-12,1.1257863864131181,24.767300501088595,0.09006291091304945,9.18072486371554,3.6363636363636367,6.2759420338985805,1.6363636363636365,427.7988268369848,1.9445401219862946,67.54718318478707
46.25,13.71172673880268,3.5250829913451835,2.7668749999999996e-12,1.1245912919630794,24.741008423187747,0.08996730335704636,9.170978935478733,3.6363636363636367,6.240987816177549,1.6363636363636365,427.34469094597017,1.9424758679362282,67.47547751778477
46.875,13.636597288659896,3.544563361149751,2.7668749999999996e-12,1.123405497502613,24.71492094505749,0.08987243980020906,9.16130884813548,3.6363636363636367,6.206688316290629,1.6363636363636365,426.894089050993,1.9404276775045137,67.40432985015678
47.5,13.562955577680627,3.563894169070787,2.7668749999999996e-12,1.1222288070609499,24.689033755340898,0.089778304564876,9.151713003555146,3.6363636363636362,6.173022810533134,1.6363636363636365,426.44694668316095,1.938395212196186,67.33372842365699
48.12500000000001,13.490753144086009,3.583078524684361,2.7668749999999996e-12,1.1210610313543072,24.663342689794757,0.08968488250834458,9.1421898581391,3.6363636363636367,6.139971493350963,1.6363636363636365,426.0031919146368,1.9363781450665307,67.26366188125843
48.75000000000001,13.419943707725608,3.602119432839115,2.7668749999999996e-12,1.1199019874737919,24.637843724423423,0.08959215899790336,9.132737920275572,3.6363636363636367,6.107515425345034,1.6363636363636365,425.56275524004093,1.9343761601820042,67.19411924842751
49.37500000000001,13.350483045408161,3.6210197984816275,2.7668749999999996e-12,1.118751498591675,24.612532969016854,0.08950011988733403,9.123355747944345,3.6363636363636367,6.075636484844706,1.6363636363636365,425.12556946483653,1.9323889521128932,67.12508991550051
50.0,13.28232887483065,3.6397824312013047,2.7668749999999996e-12,1.1176093936847378,24.58740666106423,0.08940875149477902,9.114041946460654,3.6363636363636362,6.044317322763419,1.6363636363636365,424.6915696002003,1.9304162254554558,67.05656362108425
